DataSeries,2024Dec,2024Nov,2024Oct,2024Sep,2024Aug,2024Jul,2024Jun,2024May,2024Apr,2024Mar,2024Feb,2024Jan,2023Dec,2023Nov,2023Oct,2023Sep,2023Aug,2023Jul,2023Jun,2023May,2023Apr,2023Mar,2023Feb,2023Jan,2022Dec,2022Nov,2022Oct,2022Sep,2022Aug,2022Jul,2022Jun,2022May,2022Apr,2022Mar,2022Feb,2022Jan,2021Dec,2021Nov,2021Oct,2021Sep,2021Aug,2021Jul,2021Jun,2021May,2021Apr,2021Mar,2021Feb,2021Jan,2020Dec,2020Nov,2020Oct,2020Sep,2020Aug,2020Jul,2020Jun,2020May,2020Apr,2020Mar,2020Feb,2020Jan,2019Dec,2019Nov,2019Oct,2019Sep,2019Aug,2019Jul,2019Jun,2019May,2019Apr,2019Mar,2019Feb,2019Jan,2018Dec,2018Nov,2018Oct,2018Sep,2018Aug,2018Jul,2018Jun,2018May,2018Apr,2018Mar,2018Feb,2018Jan,2017Dec,2017Nov,2017Oct,2017Sep,2017Aug,2017Jul,2017Jun,2017May,2017Apr,2017Mar,2017Feb,2017Jan,2016Dec,2016Nov,2016Oct,2016Sep,2016Aug,2016Jul,2016Jun,2016May,2016Apr,2016Mar,2016Feb,2016Jan,2015Dec,2015Nov,2015Oct,2015Sep,2015Aug,2015Jul,2015Jun,2015May,2015Apr,2015Mar,2015Feb,2015Jan,2014Dec,2014Nov,2014Oct,2014Sep,2014Aug,2014Jul,2014Jun,2014May,2014Apr,2014Mar,2014Feb,2014Jan,2013Dec,2013Nov,2013Oct,2013Sep,2013Aug,2013Jul,2013Jun,2013May,2013Apr,2013Mar,2013Feb,2013Jan,2012Dec,2012Nov,2012Oct,2012Sep,2012Aug,2012Jul,2012Jun,2012May,2012Apr,2012Mar,2012Feb,2012Jan,2011Dec,2011Nov,2011Oct,2011Sep,2011Aug,2011Jul,2011Jun,2011May,2011Apr,2011Mar,2011Feb,2011Jan,2010Dec,2010Nov,2010Oct,2010Sep,2010Aug,2010Jul,2010Jun,2010May,2010Apr,2010Mar,2010Feb,2010Jan,2009Dec,2009Nov,2009Oct,2009Sep,2009Aug,2009Jul,2009Jun,2009May,2009Apr,2009Mar,2009Feb,2009Jan,2008Dec,2008Nov,2008Oct,2008Sep,2008Aug,2008Jul,2008Jun,2008May,2008Apr,2008Mar,2008Feb,2008Jan,2007Dec,2007Nov,2007Oct,2007Sep,2007Aug,2007Jul,2007Jun,2007May,2007Apr,2007Mar,2007Feb,2007Jan,2006Dec,2006Nov,2006Oct,2006Sep,2006Aug,2006Jul,2006Jun,2006May,2006Apr,2006Mar,2006Feb,2006Jan,2005Dec,2005Nov,2005Oct,2005Sep,2005Aug,2005Jul,2005Jun,2005May,2005Apr,2005Mar,2005Feb,2005Jan,2004Dec,2004Nov,2004Oct,2004Sep,2004Aug,2004Jul,2004Jun,2004May,2004Apr,2004Mar,2004Feb,2004Jan,2003Dec,2003Nov,2003Oct,2003Sep,2003Aug,2003Jul,2003Jun,2003May,2003Apr,2003Mar,2003Feb,2003Jan,2002Dec,2002Nov,2002Oct,2002Sep,2002Aug,2002Jul,2002Jun,2002May,2002Apr,2002Mar,2002Feb,2002Jan,2001Dec,2001Nov,2001Oct,2001Sep,2001Aug,2001Jul,2001Jun,2001May,2001Apr,2001Mar,2001Feb,2001Jan,2000Dec,2000Nov,2000Oct,2000Sep,2000Aug,2000Jul,2000Jun,2000May,2000Apr,2000Mar,2000Feb,2000Jan,1999Dec,1999Nov,1999Oct,1999Sep,1999Aug,1999Jul,1999Jun,1999May,1999Apr,1999Mar,1999Feb,1999Jan,1998Dec,1998Nov,1998Oct,1998Sep,1998Aug,1998Jul,1998Jun,1998May,1998Apr,1998Mar,1998Feb,1998Jan,1997Dec,1997Nov,1997Oct,1997Sep,1997Aug,1997Jul,1997Jun,1997May,1997Apr,1997Mar,1997Feb,1997Jan,1996Dec,1996Nov,1996Oct,1996Sep,1996Aug,1996Jul,1996Jun,1996May,1996Apr,1996Mar,1996Feb,1996Jan,1995Dec,1995Nov,1995Oct,1995Sep,1995Aug,1995Jul,1995Jun,1995May,1995Apr,1995Mar,1995Feb,1995Jan,1994Dec,1994Nov,1994Oct,1994Sep,1994Aug,1994Jul,1994Jun,1994May,1994Apr,1994Mar,1994Feb,1994Jan,1993Dec,1993Nov,1993Oct,1993Sep,1993Aug,1993Jul,1993Jun,1993May,1993Apr,1993Mar,1993Feb,1993Jan,1992Dec,1992Nov,1992Oct,1992Sep,1992Aug,1992Jul,1992Jun,1992May,1992Apr,1992Mar,1992Feb,1992Jan,1991Dec,1991Nov,1991Oct,1991Sep,1991Aug,1991Jul,1991Jun,1991May,1991Apr,1991Mar,1991Feb,1991Jan,1990Dec,1990Nov,1990Oct,1990Sep,1990Aug,1990Jul,1990Jun,1990May,1990Apr,1990Mar,1990Feb,1990Jan,1989Dec,1989Nov,1989Oct,1989Sep,1989Aug,1989Jul,1989Jun,1989May,1989Apr,1989Mar,1989Feb,1989Jan,1988Dec,1988Nov,1988Oct,1988Sep,1988Aug,1988Jul,1988Jun,1988May,1988Apr,1988Mar,1988Feb,1988Jan,1987Dec,1987Nov,1987Oct,1987Sep,1987Aug,1987Jul,1987Jun,1987May,1987Apr,1987Mar,1987Feb,1987Jan,1986Dec,1986Nov,1986Oct,1986Sep,1986Aug,1986Jul,1986Jun,1986May,1986Apr,1986Mar,1986Feb,1986Jan,1985Dec,1985Nov,1985Oct,1985Sep,1985Aug,1985Jul,1985Jun,1985May,1985Apr,1985Mar,1985Feb,1985Jan,1984Dec,1984Nov,1984Oct,1984Sep,1984Aug,1984Jul,1984Jun,1984May,1984Apr,1984Mar,1984Feb,1984Jan,1983Dec,1983Nov,1983Oct,1983Sep,1983Aug,1983Jul,1983Jun,1983May,1983Apr,1983Mar,1983Feb,1983Jan,1982Dec,1982Nov,1982Oct,1982Sep,1982Aug,1982Jul,1982Jun,1982May,1982Apr,1982Mar,1982Feb,1982Jan,1981Dec,1981Nov,1981Oct,1981Sep,1981Aug,1981Jul,1981Jun,1981May,1981Apr,1981Mar,1981Feb,1981Jan,1980Dec,1980Nov,1980Oct,1980Sep,1980Aug,1980Jul,1980Jun,1980May,1980Apr,1980Mar,1980Feb,1980Jan,1979Dec,1979Nov,1979Oct,1979Sep,1979Aug,1979Jul,1979Jun,1979May,1979Apr,1979Mar,1979Feb,1979Jan,1978Dec,1978Nov,1978Oct,1978Sep,1978Aug,1978Jul,1978Jun,1978May,1978Apr,1978Mar,1978Feb,1978Jan
Total International Visitor Arrivals By Inbound Tourism Markets,1357350,1340913,1366327,1377442,1439980,1358291,1278721,1321362,1302674,1474451,1491212,1449182,1197683,1191363,1167395,1228667,1233114,1203490,1158993,1157778,1094824,1021705,1021535,923612,902501,881077,845005,851354,689192,622438,563821,419720,298397,121258,71188,58459,90467,44467,24963,21232,14991,15684,10130,13674,25912,27138,19044,24366,23409,15949,13905,10657,8357,5965,2324,878,751,229897,748343,1640749,1653704,1656396,1597578,1624734,1631119,1578203,1560979,1562971,1591134,1521097,1550462,1579874,1529807,1526860,1544461,1579290,1566544,1529181,1568795,1538617,1532292,1543933,1539082,1513804,1490070,1523813,1481288,1485571,1442278,1434907,1424024,1415378,1460469,1444940,1415374,1420261,1423598,1352798,1307418,1295189,1366605,1378347,1349171,1397775,1393164,1369947,1371719,1362875,1338020,1319144,1316063,1285132,1335141,1299923,1255519,1258709,1212779,1164173,1231610,1209354,1272527,1252586,1267906,1248499,1242077,1232447,1240191,1243250,1252951,1255151,1289125,1307345,1273933,1295855,1261336,1329921,1325870,1280015,1338725,1321656,1282944,1330135,1275927,1263831,1264367,1322643,1243571,1178284,1187896,1158632,1195534,1178384,1205454,1206194,1201492,1169635,1127183,1110997,1122713,1118840,1111133,1150099,1109078,1085428,1106229,1041767,1052781,1047852,1040938,1034867,1005697,1007736,957508,988581,978188,977965,943864,902132,919568,905586,893798,881144,858775,850967,811541,797535,775916,756599,785075,768377,751634,766524,817293,804862,824730,827225,815252,830552,843867,867699,839842,885274,882701,894780,876388,882400,891042,850912,872842,852815,867637,853388,832030,835218,826376,835834,836656,832364,837583,788789,826858,813963,803341,797766,831465,801830,799980,775551,772663,783470,764048,770109,764830,780984,761631,738849,717706,716829,684750,673761,751153,752496,720674,710175,697719,715560,702244,686092,667929,611986,643335,657032,646359,640867,610373,596659,560006,483840,326539,187885,207195,544801,660677,650624,642916,617375,664124,633460,622368,611116,621985,636180,637053,637924,641246,601772,610388,560986,588916,627447,640700,646972,633653,638062,626979,648381,635800,650402,640928,653819,656395,650591,641113,642099,633068,629802,653389,624131,633812,616733,584203,618893,621313,594430,579066,573947,595620,591930,541400,563479,548134,552445,543196,523175,510574,516830,521360,508054,505971,587545,509135,503835,513202,507070,542562,552527,509705,607885,586245,629349,629186,628423,622249,637376,639906,622527,634576,617692,620294,590099,590213,591112,608162,600539,614114,623086,598262,610526,583997,606999,607246,625457,615681,611503,571643,585949,576497,578877,589473,584816,582148,584025,579082,587332,594140,583844,552223,559586,569389,590508,556766,555279,556368,548900,547217,531393,544520,533078,547303,538897,527909,519457,515262,517199,512660,507400,499718,509204,491719,502934,495037,492626,490572,475187,522085,493125,486163,481911,482546,479738,469836,456562,467527,450542,422963,399074,382515,436548,458075,456367,440019,442768,448167,439145,433069,443553,438500,439786,448635,433588,422822,433550,425628,421088,402456,403411,393002,381832,391931,398188,373344,379679,370730,367572,365326,356242,350966,352613,342865,332155,346541,340723,328544,327237,321460,313186,315234,316258,317946,320740,296426,305614,300783,289639,293971,284217,279064,272083,275771,271603,273411,259693,262174,260725,257940,258026,256682,263894,259125,255365,248909,251871,250200,249801,250535,252819,249774,261771,252281,251840,254078,251552,256523,252383,252333,239091,250508,256072,258558,240722,241793,238220,237322,237820,237486,245236,236013,226899,238625,243444,238669,245124,232987,236880,236643,257454,250522,248183,252106,251348,254995,240109,237094,239259,249099,242070,244363,242764,239265,223179,237338,239827,238010,229350,235361,229313,236766,231117,230780,220460,219579,215298,213860,213163,207403,214257,206454,207539,206689,202456,194946,194534,194257,193735,184933,187960,189963,183431,185107,179439,176915,178473,177215,177216,176680,174824,180742,164670,159663,169171,167145,166738,163368,165671
    Southeast Asia,469730,471031,451703,448039,415024,414700,424112,425184,444629,549475,510237,547635,438780,449127,442372,432680,448259,453152,449959,451214,430029,427085,449585,403088,385926,383799,380946,363518,330833,290686,257259,177118,138460,42244,22316,19502,26114,13805,6541,2960,2037,1736,1510,3904,7291,7420,6807,7463,7575,6850,6477,4040,3005,2061,1078,503,502,89333,293504,575253,559208,597781,567210,554830,557025,558917,535823,536696,549709,535362,538469,529768,535107,543067,547755,549260,547853,535166,560534,528356,548822,548275,541647,530188,526098,532996,517496,521757,517342,510887,496504,488776,546752,540486,514151,511153,519279,494044,489240,471686,485405,498040,480792,519100,508833,506550,518849,503695,497422,483793,483136,478361,480569,479733,476864,485236,473057,458014,461106,477011,504570,494110,503712,506662,486206,499533,524112,520770,506868,517540,523526,531565,512719,541600,531986,515464,543811,486916,522339,511030,492307,529632,485735,495042,488434,522102,483480,465797,478194,453684,468349,475953,488314,491001,511559,466909,461300,448526,455387,458555,456509,465032,456923,439939,451580,439291,453568,433456,439977,425688,428633,431213,381038,421083,404497,402089,387108,358976,367062,364408,358066,350447,328911,322268,302466,299943,299198,288484,291192,287266,279902,267899,301605,290678,288094,299599,290204,292005,289507,296901,297074,316982,311009,305424,305500,300658,336657,295477,324086,312416,319832,311343,301450,302327,302220,307643,310623,300861,327995,283986,310634,294969,291059,294034,299914,285538,286345,283730,277176,285616,280780,278542,273049,289354,281817,278846,277180,286613,267223,262567,267823,281676,265509,261864,255728,264002,257473,251226,246739,235791,247251,244618,234324,243983,221957,223864,222906,205937,148786,89893,69848,193710,220199,226437,223776,212610,218321,211196,205832,207139,204968,209916,210938,212206,205446,196465,209172,202936,212027,215126,217538,212337,206868,211889,203483,209919,205100,200156,197676,203037,200466,204852,198110,201108,196883,194215,210271,195607,195859,205187,192429,187658,195350,187558,181368,178863,204503,221717,170029,168356,167332,168826,162157,156372,151113,155553,156560,144909,150695,215491,147615,150295,147706,154239,174319,185380,170908,201216,189085,223494,200740,201624,204364,196542,222134,190002,212840,187732,195261,186553,187548,190890,200639,185961,189186,178986,199532,174898,184099,188842,189820,191605,187075,188528,179336,190083,181201,186630,183932,180811,183977,184979,182474,183277,188179,189841,185973,175370,176917,183927,172994,175996,175291,172248,170242,158474,169521,156362,174626,158634,162809,160534,154690,160218,154290,152941,155914,155322,150773,154592,151267,153289,152549,144182,165593,155580,147858,151965,148306,148561,144595,142689,148335,142081,133760,135890,134024,126921,127270,130149,121728,123766,125183,119667,120078,122052,119303,115600,121544,116370,106730,118149,113916,111897,104610,105404,104313,95820,107799,103384,98927,100728,102813,95118,102161,98812,96969,99290,95115,90790,99245,95323,96936,95039,96670,92745,92185,90879,93815,92657,84921,93134,88954,84850,84855,84345,83783,82098,82994,85043,84738,83171,84852,85105,82208,83543,83832,87470,87277,84924,79503,83135,83821,82893,82547,82599,84647,88141,88314,87741,87331,87455,90031,89967,92443,78634,90461,90436,94282,89651,88806,85915,86722,88788,86918,91624,88447,78714,89653,92973,92708,94291,90120,91072,91126,107641,105998,104313,106043,103131,102839,97760,89277,89467,96544,95317,94755,94420,94967,88335,90548,99228,96610,92603,92645,92765,91823,92644,92460,90350,88421,86882,87815,86094,81856,85059,83382,81968,84860,81176,78399,79875,78515,79037,75742,78397,76338,73863,74150,75179,69694,71749,71347,70835,72076,71751,88374,68591,65715,70058,71323,69002,69543,70278
    Hong Kong SAR,22667,29421,30077,30211,29884,21758,27183,25416,22875,40061,22230,36048,25420,27468,30193,29199,26991,20691,26234,27963,28586,26355,27610,24747,25461,23913,19423,15409,8712,7325,10320,8634,6359,4259,1555,1336,721,640,600,756,478,492,397,295,196,276,220,412,492,376,363,330,263,224,74,2,12,5982,19051,33492,44182,48413,43167,40278,38821,34992,39120,39498,46509,38399,37119,40730,37250,38920,41141,41092,40275,36558,41408,39827,36353,46859,35190,40077,37766,39829,38727,37644,38544,37374,35779,37302,46415,37539,42295,35341,38346,37352,37242,36672,49249,47130,46499,44265,35910,65833,48124,47199,48106,45698,48998,49762,62644,55140,49673,50981,48586,47267,45253,45980,47965,47943,47884,50013,62509,53629,50865,52981,56524,48948,49943,52596,47210,47406,44368,41916,45094,45621,46481,44733,32602,56400,47078,42691,45096,44434,44733,42932,35994,34493,38749,35793,38577,39164,47426,31580,38878,37773,34938,37729,37153,40564,39680,40693,43566,35915,36766,37676,35507,35492,36322,33681,35642,34139,33515,34019,30023,28747,23852,24757,23095,24108,27889,24894,27780,25165,22463,22519,24399,23303,27963,19829,24722,22399,21830,23718,20460,21718,23864,23723,17366,30406,25435,25304,23238,26354,25359,25962,24446,25265,26380,25877,25313,24779,23613,25520,24524,26704,23965,23221,23064,22388,24969,24566,24906,24444,24700,25629,24247,24180,25209,27057,28991,28064,24855,25684,20694,34876,24825,23724,25582,22974,23859,22437,23059,21755,22692,24849,21472,20466,23427,19439,22490,21937,20882,20479,25896,23707,17066,5796,4346,17697,20429,24005,20551,20700,22797,21659,20041,21288,23781,25535,19872,25367,21915,22955,22745,21857,20953,23052,21642,20223,24509,22054,23671,27910,24041,23819,22638,25109,23473,23829,23803,24781,22895,23945,26756,21963,22617,22485,21799,23308,23803,22683,21919,23711,20841,19817,19426,19658,21312,20444,21485,20737,23894,21173,21236,21931,22760,23605,25498,25148,22187,24550,24569,21901,16184,22547,22814,20309,20880,22880,17801,27649,23117,22685,22670,23809,25612,23449,24437,23309,26302,23823,23659,23161,23869,22486,23677,24059,22252,23253,23825,24157,21754,22701,24434,19548,22859,26302,23389,22379,21895,22797,23406,23085,24068,22013,20907,21383,23213,18743,20829,20202,21119,19508,20069,21183,19549,19466,22122,26538,18918,23227,20962,21746,18971,19804,18779,19237,18918,19918,17744,15575,21221,18353,18305,17100,17354,18558,19162,17417,19078,17036,13010,21684,17383,15029,18076,17610,18189,16439,16990,16783,15234,16780,15758,13597,14578,14464,13650,13762,12995,13066,12319,12268,11916,11444,9453,13624,11432,11121,10516,11053,11134,10810,9841,10256,10752,10099,9819,10117,9738,9874,9951,10031,10004,10233,10681,10474,10008,10563,10827,9011,10220,12988,9796,9431,9605,9177,9049,8687,8361,8391,6779,8536,8101,8440,8196,7926,8057,7997,7937,8304,8295,8134,7537,8170,8500,7921,8010,8314,7981,8167,8216,8149,8214,9228,8094,7515,7668,9111,7319,7848,7627,7954,7473,7303,8090,7576,7741,8099,7914,7703,7998,7578,7903,7827,7988,7938,7381,7514,7444,7031,7059,8813,7090,7351,6273,6840,7107,6783,7121,6993,7525,7053,7722,7078,7385,6716,6919,6990,7037,7259,6738,6860,6430,6508,6823,5851,6056,5675,5906,5614,5062,5039,4801,5056,4909,4808,4631,5583,4529,4842,4466,4311,4502,4362,4411,4177,3085,5200,4005,4197
    Taiwan,32223,32573,29422,32134,35402,36616,34239,31805,30190,36153,35769,33972,27063,30349,28890,27036,32351,31551,29127,27195,25068,22572,22985,23632,19608,17683,10805,8240,6272,4441,3336,2233,1043,690,412,381,607,392,394,460,385,57,30,207,297,360,178,291,377,203,162,134,94,81,35,5,2,1594,15201,32756,31738,39579,38078,35022,37317,38117,35360,34352,32613,32715,32549,36938,36824,35188,34354,34917,36600,35500,35390,34305,36100,34914,36120,32332,32667,35551,38500,32327,32286,31918,31925,37684,30578,32819,32368,30673,32582,29388,30924,33623,31757,30408,38157,34506,34376,32722,32341,34295,33281,32650,32959,31225,33886,32557,31801,30099,30589,29711,30681,28160,27317,28584,29231,28857,28902,28475,26802,31025,27250,26661,26157,28492,27612,29502,28116,31372,30901,30476,30882,25367,25554,26792,31158,29829,29482,26322,24507,21520,21458,21805,21884,23074,24321,24756,26331,21454,20516,20111,20823,22568,20695,22224,21466,20566,19916,17069,16178,17057,15880,16244,15843,16051,16437,16228,14268,18571,15424,16740,15390,14811,12563,14344,14755,12451,13785,11953,12164,12585,12783,13612,12979,13490,14473,14912,14815,14630,13338,13438,13930,15650,14993,14953,15962,16011,16628,16289,15673,19275,16637,17217,17834,16510,16513,17540,20901,16919,18881,19108,18590,17991,18515,18691,18279,17151,18931,17889,16980,18325,17584,17118,19519,18252,18005,19040,17449,17869,17392,17471,16945,16561,16316,15704,15472,15752,15331,15133,15716,15597,14156,14717,14364,14343,14096,15240,17165,15355,15112,12718,5524,1426,2613,13108,15546,15912,14485,14865,18577,15743,17244,17721,17208,18482,17828,18485,18463,19406,19556,18662,17318,17839,17161,17908,18848,18227,19927,19214,20213,17945,20824,20750,21896,23278,24276,25609,24970,26137,27976,26961,25842,20553,26570,32616,26646,28307,26400,26513,26376,23350,24594,25028,23767,28877,29777,31766,27692,25068,29223,23953,30995,33305,27459,29324,36978,38390,36705,32445,29172,43637,37463,43624,48583,48750,44655,48451,43615,38791,43941,50633,46003,39324,42875,39909,41791,45465,45923,48633,42762,44659,41351,40669,47293,52327,50720,51667,46157,39971,47001,42388,50045,46210,45534,41796,46882,46812,47277,43534,38775,37084,44268,40328,38979,36731,38501,37425,36497,33234,35970,36509,35342,35439,33983,33636,35043,37439,32365,33464,31703,33726,31478,35491,35784,32186,30976,31685,29837,26889,24697,25217,29336,24710,25582,22594,24236,24523,26520,20761,20699,19391,20434,18780,17875,16519,17205,16867,18400,19976,20101,21437,20527,18086,23864,21866,22293,21946,18264,18755,17393,17267,16946,15314,15462,14894,14596,13493,12844,13622,13632,11779,11752,11578,11895,12473,11337,12712,11992,13204,12576,10092,14018,13513,11414,11200,12130,11610,13774,10690,10513,9238,9882,8804,8301,9566,7732,7782,7020,6870,7122,7035,6720,6582,6583,8074,7171,6327,7332,6780,6474,6968,6940,6731,6855,7116,6501,6699,6502,7221,7178,6860,6828,6447,6187,5853,5407,5797,5485,5204,5384,5448,5345,6004,5620,6034,6143,5825,5597,5626,5810,6056,5562,5195,5023,4964,5479,4844,5320,6274,4878,4571,4445,4297,4724,4582,4883,3805,3921,4482,5593,4860,5411,4944,5095,4615,4348,4546,4479,4947,4314,4708,4321,4772,4644,4999,4731,5163,4889,4569,4396,4437,4220,3876,3352,2481,3008,3597,3008,2840,2841,2080,2717,2230,2418,1974,1439,2651
    Japan,46086,39159,53093,51355,58348,56043,43276,49708,42564,41659,47423,41357,34349,36525,39060,40931,48885,46635,32262,37194,28964,27450,31614,22074,21518,20115,17858,17264,13730,13291,10649,8113,5661,655,562,608,615,385,793,701,245,318,154,361,1034,453,377,611,756,694,517,320,366,596,174,38,33,8813,51115,68779,73843,67246,80433,73937,76774,74427,71573,74841,85760,64611,72490,72959,67254,69566,74018,70977,70533,70257,67056,66739,67262,64975,69949,70383,66406,72140,64598,64418,66469,64351,65971,66814,62639,65495,70318,61646,64444,62152,62944,63781,65989,65222,67987,68002,67627,63592,66621,68407,67315,65263,66889,68555,66366,67864,65219,65736,63287,64566,63285,64262,71073,66619,69337,69089,69460,69364,68323,67511,68152,69594,69198,65828,69175,69182,68913,68967,68579,69956,70248,69305,70451,71118,69079,67907,67499,66706,63176,62054,62847,60857,63587,62441,64199,61513,62141,59154,60495,57268,58051,59087,55906,55173,45960,51484,49414,49846,59123,51309,47112,48055,43285,42536,45020,44209,43775,45235,45202,43562,41738,38933,39017,36268,42749,49638,40964,45934,33439,36185,40427,39560,41395,42284,46140,45178,46955,45603,43815,46714,48291,50988,46045,48691,50583,53784,51891,51045,51146,49948,47597,47965,48316,45962,47729,50229,51275,50902,47006,50466,47323,46245,50926,50674,49997,50352,51648,53577,47850,48458,49644,49892,50076,50584,48732,47671,49502,51366,51848,45101,45477,49978,50518,48553,52644,54305,51609,53236,50373,51362,48311,46034,45333,45150,45817,38483,39856,41152,32810,26935,15976,8376,15639,47397,57025,56225,58744,55637,61430,67169,64798,62343,61928,61001,62117,59250,55558,50031,42365,32921,38446,60447,69812,71234,72337,72237,74331,73338,73789,74854,71660,81961,79970,77695,77347,78676,75274,76913,77337,78195,79383,74641,69719,77155,75113,73200,73263,68861,71671,70543,66789,72036,68410,71284,72280,64807,65068,70963,70371,79026,70896,70638,68910,68157,68578,71789,78817,80068,73686,87129,86712,96118,94325,91483,103139,97463,105279,101012,100669,98580,101057,92638,90791,93164,97119,95748,102147,102659,92777,104805,94811,104884,99906,99520,106020,104005,97448,100485,91597,93123,90245,92384,92217,95805,92409,94143,93351,87482,84766,98313,93919,98540,91647,84896,91095,85336,86055,85341,86847,84756,83846,78852,75622,75042,82188,82810,85620,77502,76741,83483,79098,81942,84231,80905,83506,86213,92481,87409,87960,84929,88888,82287,80173,76356,75040,72878,64635,41128,41892,77199,79439,84689,84260,73726,80224,80627,82848,77736,81472,80285,82669,83987,78976,75649,75675,75599,72787,72085,69486,67137,66214,64055,59533,63212,61220,63390,59494,61049,56604,60180,58100,55114,58442,52540,49555,47683,45600,46476,45522,49112,50252,49545,44344,45215,39733,41440,42567,39132,36955,32506,36308,33216,36647,31430,30932,31208,34200,32237,34591,33278,34090,31731,27147,30447,30836,32355,32786,33143,32205,32762,29787,30537,32600,30328,31891,30926,31460,30178,31021,32042,31339,29975,28886,29053,29412,30792,31716,31004,29793,29981,29615,30905,29632,33155,32201,31345,29431,31682,31740,31185,32064,31158,33698,31195,31166,31774,30753,31746,30763,32204,28554,29265,31538,29537,29161,28478,29159,28851,28621,27491,27432,24765,22518,25198,23562,24199,21041,24687,23601,23375,22902,24098,22669,23077,22777,22117,19757,21873,22176,19782,20081,18515,19589,19263,18704,20703,18968,14614,17325,16720,15825,16811,16938,17456,17889,16714
    India,109636,96215,101824,97073,99579,89468,93055,104531,101792,108535,95331,99048,97513,93181,94024,89713,91187,92952,88733,86966,92694,84279,81106,73554,77637,75924,81694,96029,83717,75429,49987,40452,38335,30764,22184,13507,28875,7678,2950,758,105,336,9,57,3514,4690,4542,4592,2338,511,432,444,653,647,101,53,83,20063,68294,124212,118778,115859,117298,120056,123583,114726,115831,117131,115422,120724,123885,118629,120419,123543,114656,118764,114864,120540,125327,124524,118081,120730,113311,121766,116806,87783,120258,120740,104078,99683,110819,109401,106039,97911,99961,94198,95000,92137,94206,89745,91625,92688,89409,90016,92171,90473,88578,91169,87314,89710,86097,84443,86970,88838,81701,82892,82246,80264,81415,82541,80763,72787,88213,80099,79844,76639,76212,75512,78228,80549,83814,74548,80549,75435,71708,79039,77443,76703,80108,77046,75091,81010,80497,80544,75147,75769,71027,71788,75102,71805,74667,78051,75325,76453,77583,70740,74962,73323,74772,72426,70828,74266,71869,71680,73858,68066,69984,72265,70037,74106,72281,68018,65772,67368,65663,72917,73606,64347,64435,65817,66710,51069,63585,69878,62444,68302,61634,57234,56725,55439,55507,57723,59566,59103,65535,62635,66452,65277,65516,66310,64324,67514,69258,67374,66285,66544,58294,63844,63026,60181,62460,63172,61153,61405,59656,60846,58824,55015,57609,56401,54971,53967,51985,52650,55676,56991,54021,52157,51886,53386,51712,49553,49226,51792,50229,47028,46471,48735,40391,39363,43148,45921,38491,39427,39250,39283,40032,39208,37759,32279,37691,37132,36046,33979,33631,33011,31512,27369,15047,8630,13364,28321,32429,32001,31852,38207,32238,29832,29856,28572,30975,32255,29764,32924,28926,28963,28519,26896,24577,28830,27834,28984,28220,27742,29188,30845,29256,30094,27937,29287,27861,30407,29645,28266,30412,30129,29709,26784,28181,26373,27454,27960,26495,24083,23608,23811,23328,22559,22995,22328,21971,21492,21953,20046,21424,20928,20127,20412,19380,19831,19249,19398,20719,20402,19203,19312,19098,18612,20542,19794,18569,19065,18082,18788,16853,17960,16970,18588,17435,16469,17141,16625,17311,16360,17549,17028,16135,16249,17066,16080,15959,17204,15981,15603,15233,15296,15017,14996,15463,14540,15293,13813,12645,14231,14946,14160,14405,13672,14727,14464,16468,15687,15281,15214,14890,15392,14891,15383,14357,14804,16002,14547,13993,14709,14416,15451,15751,15484,16198,16813,17270,16511,16622,16838,17437,16458,16665,16679,17563,17606,16716,17131,17106,18249,18384,18064,17326,17648,20603,18943,16936,18244,19024,17904,17902,17996,17119,17655,16556,17605,16789,16502,15663,14699,15578,15696,16227,16150,16605,16633,17147,16597,16962,16632,16070,14171,15824,16001,17332,17416,17380,18292,20136,18085,18848,17718,17644,20360,19743,21090,21032,21131,22444,21742,20299,21527,20058,21128,20654,21247,22819,20120,19107,16838,17917,18035,20061,19513,18475,20866,21201,19986,20087,17589,16869,15679,14048,18278,17479,18446,17141,16583,16688,16250,15428,18312,15562,15954,15129,15179,15780,14680,13840,13873,12688,15150,16017,15479,14012,13344,10765,9875,9141,9392,9479,13190,9763,8893,9536,8265,9841,10638,9818,10434,11110,10476,11342,11044,10224,8691,10465,10039,9844,9858,10070,8314,8223,8243,8061,7092,7502,6900,7084,7279,8055,8354,6084,6152,6066,6037,5727,5908,5598,5807,5290,5783,5621,5758,6212,6470,5959,6173,5010,6412,5484,5527,5144,4719,4625,4250,3431,4103,3911,3358
    Pakistan,1951,1546,1405,1489,1290,1454,1458,1584,1913,1488,2807,1595,1492,1400,1391,1408,1119,1352,1241,1496,1485,1722,2293,1933,1485,1676,1427,1254,1093,711,710,584,299,86,46,76,53,38,6,6,3,1,0,0,21,46,23,28,33,20,29,24,33,12,2,2,0,409,981,2283,1730,1709,1523,1591,1242,1300,1944,1411,1749,1938,2017,2110,2086,1757,1891,1955,2092,1926,2236,1995,2470,3099,1937,2198,2262,2233,1815,2173,1809,2094,1240,1782,1850,2564,2071,1769,1817,1828,2207,2161,2061,2113,952,2265,1858,1703,1881,1672,1703,1808,2137,1652,1840,1487,1290,1547,1468,1459,1320,1609,1500,1552,1326,1384,1590,894,1846,1589,1590,1829,1660,1370,1647,1641,1929,1828,1839,856,1795,1919,2002,2006,1902,1900,1739,1748,1597,2247,1513,1636,2003,1746,1604,1731,1809,1918,1870,1852,1855,1738,1251,1749,1755,1942,1822,1591,1755,1761,1810,1729,1703,1764,1336,1922,1911,1838,2074,1948,1964,1813,2237,1822,1653,1795,1825,1857,2029,1709,1771,1741,1749,1680,1957,2094,1447,1822,1871,1884,1790,1938,1860,2343,1931,1997,1777,1856,2121,1798,2083,1917,1787,1814,1797,1948,1889,1937,1760,1676,1691,1670,1871,1787,1781,1853,1532,1621,1754,1209,1368,1300,1774,1406,1291,1051,1374,1342,1432,1335,1273,1229,1244,1321,1158,1370,1203,1292,1222,1133,1192,1040,956,955,958,931,966,864,755,666,632,440,532,860,941,913,836,983,1081,933,763,882,937,958,855,825,613,763,564,431,1472,3772,4021,4329,4399,4288,4403,4077,4023,3913,4099,3949,3734,3648,3589,3598,3356,3367,3441,3083,3612,3142,3186,2828,2832,3090,3281,3098,2899,3190,3031,3063,2880,2899,2608,2714,2597,2502,2680,2620,2907,3274,2567,3131,3504,4060,3434,3294,3334,3544,3356,3194,3495,3582,3126,3847,3216,3108,3246,3125,3466,3608,3583,3871,4105,3734,4151,4239,4354,4309,3930,5495,4636,4655,4426,4509,4025,3718,3986,3695,3703,3603,3695,3656,3263,3156,3230,3256,3020,3063,2988,3329,2720,3114,2725,2984,2879,2731,2979,2945,3249,3094,3023,3018,2847,3830,3379,3114,3379,3348,3095,3332,2956,3351,2903,3586,4287,3424,3386,3514,3292,3355,3273,3126,2861,3322,3188,2589,3181,2459,2609,2431,2710,2779,2611,2559,2768,2753,2800,2912,3091,3103,2884,2937,3048,2666,2966,2698,2935,2539,2997,2826,2610,2524,2389,2694,2620,2805,3003,3091,2899,2870,2594,3042,2939,2571,3217,3020,2763,2864,2226,2806,2962,2812,3008,2527,2361,2707,2686,2233,2612,2625,2260,2173,1884,2074,1794,1977,1840,1852,1723,1866,1851,1757,1600,1773,1778,1759,1638,1556,1828,1713,1398,1553,1812,1405,1523,1638,1655,1489,1637,1685,1815,1452,1477,1388,1254,1229,1340,1235,1250,1368,1373,1255,1242,1243,1319,1419,1188,1314,1326,1122,1156,1116,1078,1149,1055,1228,1133,1194,1116,1252,1174,1630,1381,1264,1241,1295,1345,1357,1547,1395,1394,1850,1223,1288,1096,1134,1220,1052,1030,899,916,800,999,949,1087,911,933,1028,793,854,819,876,696,658,727,631,695,691,682,682,706,659,667,625
    Sri Lanka,5888,5026,4929,4980,5068,5356,5540,5836,4505,4907,5195,7005,5155,5126,4545,4991,4858,4884,4803,4334,3547,4540,4446,4217,3676,3943,4755,4359,3382,3287,2969,2824,2110,1708,1121,557,507,152,19,15,5,2,2,5,118,269,136,217,77,46,34,32,30,19,3,5,1,1904,4245,8591,9274,9817,8122,8502,7876,8058,8422,7340,7277,8222,8178,8065,7515,8072,9398,9697,9773,10611,9560,9732,10444,9562,9565,10178,10248,9531,9473,9537,9317,8208,8551,9737,8457,8461,7736,7810,9623,9188,8018,7940,8794,8550,7399,8101,8609,8114,8533,8164,7528,7586,8358,7770,7100,7461,7516,8408,7446,9355,7644,7425,6298,7935,7284,7928,7753,6368,8106,7786,7459,7055,7418,7781,8106,6848,7264,7622,8364,7847,7727,8011,8417,9163,7894,7999,7492,7194,7581,6912,6582,6467,7378,6157,6864,6453,7074,7048,7860,7182,6765,7010,6287,8269,6341,6672,6540,6858,7310,6904,7239,6325,6565,6364,6489,6641,6785,6974,6818,6446,5904,5828,5610,6615,6537,6234,6274,6127,5760,5165,5451,5112,5410,5737,6527,6115,6316,5494,6743,6516,6560,7047,6627,6993,7503,7661,5989,6534,6266,6460,6806,6576,6594,8142,6519,7212,6279,6186,6353,6540,5880,5980,5855,6230,6326,5820,6229,6061,5804,5873,6031,5713,6212,5969,5350,5798,5700,5677,5880,5656,5078,4337,5172,6588,7951,5972,4840,5421,10904,7763,4867,4649,5028,4698,4802,4368,4606,4574,5075,6898,4649,1848,1313,4388,4803,4805,4474,4386,4602,4501,4514,4448,4363,4649,4542,4714,4581,4903,4188,4582,4375,4472,4428,4735,4653,5010,4810,5172,4905,5141,5138,5909,5096,5214,5299,5146,5662,5161,5906,4644,5258,4665,4899,4910,5172,4974,5215,5408,5152,4954,5100,4916,4875,4503,4911,4710,4639,4641,4523,4277,4018,4207,4166,4313,4276,4384,4181,4168,3977,4135,3885,3821,3976,4071,3563,3808,3626,3942,3792,3808,3776,3741,3270,3945,4138,3944,4121,4211,3733,4007,4113,4283,3861,3932,4271,4006,3910,3891,4239,3977,4128,4073,4131,4031,4214,3974,3482,3996,3820,4055,3968,3889,4032,3950,4044,3774,3913,3946,4372,4081,3891,3937,3833,3742,3759,3764,3889,3824,4376,4302,4469,4793,6595,5872,5209,5104,5335,4910,4551,5010,4916,5138,5038,4909,4978,4504,3581,4589,4516,4357,4297,4323,3927,3976,3619,3459,3630,3651,3681,4299,4315,4609,4589,4782,4994,4244,3659,3492,4259,4271,4203,4085,3845,4188,4024,3683,3727,3039,3479,3257,2842,2994,2948,2750,2648,2387,2242,2210,2234,2386,2334,2805,2431,2194,2440,2304,2449,2424,2641,2439,2417,2511,2590,2620,2243,2463,2020,1995,1939,2064,2141,2207,2027,1669,1874,1954,2175,2129,2393,2267,2338,2028,1951,1768,2320,2315,2198,2044,2120,2089,2040,2537,2072,2242,2073,1989,2107,1898,1700,1742,2166,1975,1871,1927,1833,1810,1640,1751,1589,1740,1852,1840,1570,1708,1775,1886,1906,2003,2100,2135,1978,1643,1950,1983,1730,1659,1562,1433,1372,1281,1410,1633,1407,1122,1231,1269,1287,1300,1139,1249,1269,1116,1086,1086,990,1214,1155,1103,1182,1102,1185,1130,1069,1168,1092,992,995,915,944,939,903,898,906,819,833,832
    Americas,76195,83478,80729,76930,77562,74711,74119,74642,77767,77449,80057,72235,75183,77862,69714,75179,72417,74066,68505,72130,68507,66393,68055,61242,59895,59810,56881,56264,50992,43272,35685,26081,16375,5819,4416,2464,4043,2199,1240,1071,1166,716,238,363,750,511,519,557,574,517,573,558,593,411,149,41,14,13446,49741,86191,87569,82417,77688,82731,84069,82805,79429,76855,80440,77633,74628,75835,74873,75149,70245,73141,71430,72072,68862,69692,73785,72217,72517,67156,65504,73700,61104,63412,62185,63006,63517,61141,59164,61019,62388,61811,61102,60386,59027,56216,55720,56207,55244,56854,55875,53572,55083,55783,55271,55434,58128,55235,56390,53701,54050,53625,52231,54691,54603,54704,53752,52980,51772,54939,53416,51512,49218,51469,51682,56453,56077,52301,52474,52792,53138,55462,54741,53093,54407,52706,54972,52340,52951,53976,54799,53455,52671,52588,50337,51166,50858,51408,49322,51015,51154,49209,45932,48857,48872,47933,45883,48113,46418,47389,47322,48404,44629,45233,43465,44298,46136,44596,46028,44506,45241,44066,45072,40387,41250,41679,40838,43731,41296,39515,41124,39580,38441,37362,38603,36190,34913,37296,39744,39559,41730,40210,40998,42285,42052,42768,42631,44380,44785,44290,44286,43750,47048,43680,43266,43059,41945,43250,43000,44442,42375,44058,43732,44608,39499,44872,42156,42886,43140,42282,42031,41652,42406,40721,41620,42438,38827,40152,40301,39902,39358,38924,36426,37588,36682,37709,37335,35016,35993,35158,35864,35820,36273,34964,34661,32557,35131,33293,31672,32472,30723,31723,31036,24219,16021,8814,8948,28263,32253,34831,33854,32952,34943,34816,35277,35043,34925,35386,34946,34932,35784,33545,34158,29876,25797,33387,36681,38468,38260,39314,38743,39314,38107,40678,39440,40678,41396,40665,40426,40428,39151,39420,39759,40736,43587,37475,35691,36093,39409,37160,37870,36163,39250,35558,35435,39843,35262,35966,37319,37544,33904,33783,33930,34005,33564,39371,35468,35178,36619,34764,36274,36844,34239,39008,38110,37890,40596,40171,41184,38596,38166,39685,37482,39188,39104,38536,38580,38008,38218,36622,38722,37939,38694,38352,36584,35121,38374,36807,35896,36356,35544,36093,33341,34412,33571,33868,35392,34763,35166,34860,38604,35236,33139,35708,35681,37348,37030,35281,35869,33745,33150,32784,32330,32008,30405,34427,31337,31050,30762,32360,31220,31491,30244,29947,31172,30789,31333,30772,29912,27374,32872,30930,30535,29243,28224,29782,29017,30595,28446,26404,25415,23066,21876,25093,29726,27842,27380,29472,28312,27957,27747,28350,28164,27984,28436,26740,26688,27086,27364,27057,25517,26244,25810,24465,28633,26330,25668,25484,24965,26005,25199,23448,24111,23287,22342,21018,23418,22181,22308,23353,22470,21462,23169,22515,22129,22433,21180,20713,20455,22239,21127,20523,21133,21421,20041,22455,19364,18797,19151,17670,18369,17665,17519,18356,17187,18392,17766,17239,18783,19782,17544,19293,17879,18737,18369,17831,19047,17555,18401,18394,16975,16729,18027,19062,17286,17492,17861,17114,17148,17094,18056,17491,17394,16744,18029,16871,16970,16209,15466,16374,16418,14438,15631,15543,15800,15755,15091,16015,16280,15227,15551,15173,15301,15190,15163,14514,15902,15973,15683,15585,15325,14312,16917,15660,14839,15395,14904,15136,14678,14458,14143,13701,13516,13765,14046,13306,13253,13138,12956,12668,12362,12306,12360,12366,12417,11961,11044,11454,11687,12663,13642,12407,12059,13114,13367,15875,14146,11625,10800,11828
    Canada,12693,13653,13842,11883,11781,12227,11706,10714,12617,9592,9602,10501,10733,12217,10967,10852,10761,10981,9781,12182,10501,9694,9991,9062,8636,9026,8844,8605,6642,5944,5372,3545,2222,664,409,374,689,217,150,185,78,60,21,27,55,58,58,68,64,59,59,61,42,56,15,0,0,1800,6978,11564,12577,10907,11076,11249,12186,11659,10951,11729,12362,11837,10601,11315,11765,11560,11053,11147,10981,10381,10164,10224,11451,10597,10326,10087,8923,9795,8991,8964,8834,8889,8963,8500,8219,8516,8634,8359,8529,8762,8527,8026,7914,8386,7596,8163,8082,7815,8199,8360,8406,8315,9119,8045,7802,7629,8255,7576,7439,7846,7820,8201,7791,7492,7585,7846,7669,7536,7589,7795,7065,8182,8174,7937,8061,7888,7942,7714,7978,7710,7804,7678,7856,7281,7479,7749,7591,7550,7615,7568,7166,7478,7168,7077,7283,7615,7112,6904,6488,7659,7276,7030,6939,7073,6783,7045,7161,7349,6070,6554,6484,6233,6472,6608,6776,6557,6531,6329,6821,5613,5764,5743,5715,6044,5991,5618,5859,5639,5907,5792,6087,5763,5839,5936,6379,6552,6970,6256,6188,6765,6703,6713,6452,6819,6965,7178,7188,7063,8307,7370,7373,6796,7008,7025,7171,7358,7275,6815,7318,7328,6274,6688,6550,6998,6747,7044,7121,7011,7024,6978,6704,7623,6632,6701,6844,6563,6438,6217,5623,5628,5661,6270,6257,6068,6280,6017,5971,5757,6091,5359,5401,4991,5546,5300,4945,4864,4462,4748,3990,3583,2936,1642,1966,4840,5414,6008,5687,5639,5898,6011,5719,5995,5582,5596,5380,5551,5543,5455,5324,4952,5072,6079,5942,5978,6184,6353,5993,6054,5868,5773,5773,6127,6205,5637,6046,5779,5907,5661,6012,6306,6405,5429,5604,5773,6523,5915,5649,5427,5606,5691,6199,7610,6100,6013,6134,6511,5759,5754,4933,5080,5140,5503,5061,4806,4719,5039,5191,4862,4296,5172,5409,5303,5936,5485,5355,5177,5255,5337,5173,5455,5535,5415,5723,5705,5887,5066,5271,5654,5542,5250,5198,4924,5133,5131,5366,5511,5363,5426,5058,5086,4935,4948,5285,5780,5294,5101,5136,5252,5285,5124,5676,5758,5744,5709,5503,5480,5570,5596,5218,5191,5350,5528,5137,4970,5134,5348,5341,5402,5266,5042,5474,5117,5302,5236,5700,4927,5482,5548,5633,4958,4926,5189,5108,4927,5052,4795,4235,4395,4451,4956,5232,4993,4893,5325,4831,5139,4747,5570,4738,5479,5228,4888,4779,5236,4634,4668,4615,4850,4816,4464,4609,4323,4379,3991,4002,3933,3905,3582,3763,3839,3341,3131,3270,3299,3265,3267,2964,3129,3535,3290,3019,2858,2947,3004,2905,3042,3046,2869,2979,3533,3039,2561,2703,2492,2540,2417,2496,2705,2390,2544,2515,2541,2655,2669,2638,2629,2476,2645,2607,2541,2763,2373,2278,2235,2296,2265,2241,2229,2411,2294,2146,2155,2132,2295,2309,2517,2430,2395,2403,2130,2419,2733,2287,2012,2108,2210,2138,1723,2048,2176,2116,2206,2206,2166,2148,2046,2148,1951,2189,2047,2074,1842,1964,2043,1961,1866,2074,2099,1956,2003,1878,1809,1824,1811,1812,1752,1695,1709,1587,1688,1856,1479,1606,1653,1440,1586,1516,1399,1489,1579,1453,1374,1438,1394,1431,1510,1497,1721,1376,1608,1491,2030,1558,1433,1278,1228
    USA,56431,60654,59927,57588,57011,55084,55257,57768,57898,61187,61495,53832,57146,58587,52316,56686,54253,54788,53139,54243,51852,51343,51543,45704,46251,45644,43320,42208,38776,33188,27910,21311,13766,5133,3695,2030,3190,1893,988,805,936,585,186,279,636,393,401,428,442,415,478,444,455,310,118,38,15,9511,36732,63879,65618,63503,61614,62567,62708,61981,60720,58190,59445,58800,55657,57823,55928,56259,53730,54135,52784,53434,52316,51697,54928,54356,55772,47698,48281,52554,46443,47205,46512,47322,47893,46146,44087,45633,46684,45921,45888,45273,45623,42474,42380,42450,42094,43191,42686,40642,41531,42550,42075,41978,44228,41538,42823,41008,41025,41333,39228,41975,42610,40040,40568,40457,39780,41604,41166,39494,38000,39046,39677,42986,41568,40782,39874,40570,40415,42239,41865,40653,41883,40476,42008,40472,40727,41449,42540,41158,40157,40037,39197,39203,39672,40170,37744,39697,40871,37589,35732,37489,38140,37476,35852,37599,36325,37188,36472,37919,34026,37142,33876,34830,37332,35280,35352,35306,36018,35036,35822,32810,33516,32994,32718,34667,32992,31774,33147,31700,30294,29289,30487,28522,27135,28763,30892,30659,32193,31565,32623,33172,32987,33679,34045,34947,34629,35231,34622,34306,35751,34080,33590,33634,32565,33810,33598,34976,33667,34174,34150,34914,30964,35722,33250,33580,34034,32965,32689,32580,32644,32259,33013,32997,30243,31377,31467,31374,30919,30702,29358,30236,29145,29928,29525,27885,27955,27741,28030,28192,28052,27683,27355,26028,28347,26075,25864,26599,25328,26181,25451,19669,12325,6718,6387,22201,23895,28859,27140,26418,27131,27702,27463,26973,26869,27620,27683,27416,28421,26892,27858,24253,19774,26054,28635,30283,29966,30853,30742,31125,30279,33094,32491,33129,33124,33220,32161,32346,31263,31602,31790,32018,33741,29039,29030,29055,31347,29880,30153,28908,31192,28077,27769,29929,27815,27998,29634,29706,26950,26579,27443,27366,26961,31900,28919,28645,29875,28531,29476,30662,28651,31869,30886,30753,32621,32586,33799,31382,30610,33105,30529,32112,32340,31432,30911,30586,31116,29757,31814,30452,32283,30643,29921,29057,32241,30040,28784,29116,28566,28639,26991,27891,26220,28271,28581,27686,28512,27961,31627,28502,26263,28546,28595,30114,29922,27794,28666,26963,26082,25263,25591,25129,23845,26912,24701,25022,25035,24795,24267,24696,23940,23625,24239,24368,24642,24117,22855,21429,25697,24502,23323,23113,21910,23043,22438,24356,22132,20691,20243,17817,16948,18253,22694,21451,21313,23012,22187,21888,21843,22227,22009,21392,22182,20152,20290,20840,21614,21200,19946,20604,19888,19463,22611,21159,19916,20570,19698,21046,20234,18373,19221,18396,17831,17268,18965,18107,18669,18678,18384,17590,18517,18039,18028,17976,17055,17036,16514,18484,16827,16654,17101,17156,16170,18262,15601,15304,15800,14517,14996,14233,14200,14943,13857,15288,14242,13644,15027,15399,14002,15662,14117,15437,15114,14278,15864,14662,15046,15182,14054,13482,14816,16007,14280,14520,14397,14624,13909,13902,14821,14298,14483,13981,14654,13790,14134,13358,12703,13158,13272,12088,12906,12637,12446,12410,12014,13151,13076,12133,12723,11855,11928,12131,11744,11620,12282,12304,12234,11997,11421,11005,13024,12158,11797,12540,11384,12060,11601,11187,11166,10495,10787,11032,11349,10353,10548,9932,10279,9904,10132,9939,9771,9926,10226,9734,8837,9406,9372,10345,10968,10105,10004,10698,10876,12790,12016,9289,8995,10267
    Europe,171560,172270,169203,156904,172736,164051,151571,158077,153905,156705,162741,166635,152233,148697,147682,146622,146323,140917,134665,143574,131051,129475,125704,117876,113912,114954,114284,108499,93221,81949,73808,54074,32203,11715,8693,6063,10388,5943,3820,2467,1284,868,438,649,993,870,936,1407,1310,995,1183,1104,908,848,412,121,45,54050,145504,193155,200145,186174,180219,176009,175314,172932,169820,166463,176794,171541,176667,183067,179005,173354,176665,178474,177722,176592,170599,169446,163435,170907,167644,166260,152195,162133,159531,158207,154796,153575,153914,149835,159338,152863,155286,146742,150064,147113,155490,143272,145649,141799,132426,142740,142145,146661,143054,146375,145597,145672,145713,139154,141211,140143,135276,135252,128620,128125,127549,130438,134483,131665,134413,140856,135921,127794,132020,135527,142312,132709,136669,135212,134527,133010,134379,134122,136078,134329,138107,135552,125366,135048,127778,129583,127029,128491,127975,128702,124143,126025,126674,120576,126486,131432,131840,130796,126630,124668,118341,120938,115710,117791,114062,113826,122707,111676,107832,111367,114995,122887,114009,109721,115697,112145,116154,118464,115767,114714,112202,111380,109633,114112,115535,113567,112389,111928,110881,107247,109034,102661,100828,104734,114774,108345,110129,110835,109279,110455,110246,111987,108572,110718,106701,108457,106498,106737,105989,102793,104447,102352,102676,102232,101901,107404,108485,111340,107547,105012,103360,101204,100833,94130,97967,99485,102197,99648,101100,96916,96324,95836,94249,95980,94872,96304,96440,94930,87979,91841,91091,92100,98812,93829,91348,89471,88780,91395,88902,85825,86611,82572,85988,87506,87202,83812,81093,78056,74640,66438,47414,35601,42661,76746,92421,92924,91355,89918,92776,94518,90331,91194,91569,93663,92874,95181,92743,89305,88556,86829,87680,96853,94490,96495,95678,95153,90365,95590,93599,97065,97532,97744,99055,95518,94918,93665,94400,91257,93336,89178,94347,85802,78541,96672,95680,92019,90996,88811,85589,81045,84006,88848,84266,84773,84570,82115,80091,81395,83315,79397,80164,85938,84853,80641,83630,79129,76971,73248,69534,84307,82031,83928,91170,90617,85743,87834,83119,85169,86064,87215,85344,84192,81297,83068,85038,82825,83141,82527,81627,80727,75693,79497,83164,90676,82525,82992,80106,79940,78249,76653,78677,79450,80211,83848,85341,87426,85161,88025,78974,81901,84756,87275,85657,86553,85344,88658,86874,84759,87232,85379,84593,86235,85122,82400,81256,82636,80762,81259,80121,80399,79929,80748,81038,80851,80725,73071,78250,78271,79821,75953,77183,80390,77697,77618,77749,74476,71255,67315,65583,74756,81706,79344,78500,81883,80190,80539,73675,80258,77776,78596,79174,76980,76753,75994,76145,74232,75388,75154,73756,73617,74068,76710,74312,72499,67969,73372,71571,68087,69994,68177,66521,62601,65772,65876,64363,62995,58932,55198,54902,53838,52663,51143,50958,48101,51005,47834,47820,47281,47811,46491,44963,42352,44035,42573,42081,42643,41002,41838,41639,42561,40836,40213,40733,40145,38261,39251,39350,39380,39312,39209,37581,35879,37661,38342,38790,38020,36913,36911,36751,37652,38548,33936,35889,35510,35598,36255,34496,36751,34491,35001,35267,35173,33920,34199,33587,34314,34462,35053,34515,36052,35604,35684,36062,34919,35387,34961,36407,36599,37709,36724,38782,37346,39041,37811,36145,36529,37439,35994,36525,37097,36594,35116,35884,34919,35127,34584,35099,35380,30790,34230,32969,32226,31532,34496,31874,31001,31113,31835,33166,29638,31031,29829,30558,30209,27087,30245,27844,28850,27779,26709,23500,25147,24903,25953,26956,24435
    United Kingdom,42574,47421,48461,43667,46776,48533,45215,52083,44277,55035,53200,49667,44019,42271,39797,39178,41377,42593,37952,47910,38789,37744,35832,31865,31529,32784,33068,30239,27432,26143,23183,19779,10066,4120,2949,1989,3528,2109,1044,394,366,339,155,141,126,124,115,94,282,269,220,255,239,324,119,26,17,15303,38558,52457,53730,49066,51629,50783,50613,50542,50713,51442,50899,49244,49026,50952,46479,49619,50762,54915,50562,50851,48020,49287,49197,49195,46661,44645,43048,45885,43664,44362,42697,43077,43485,43137,43263,43328,43687,40324,40584,39984,45402,38527,42361,41526,37759,39232,41129,40757,39246,42215,40566,41882,42024,39629,40293,40953,39045,39550,36328,36842,39588,39314,38686,37240,37767,38304,38073,36147,37917,38447,40445,36900,36214,37215,38605,38123,36954,39136,39937,40488,43082,38035,36102,38797,36917,38066,37520,37593,38331,37723,35356,36186,38093,36286,36293,38469,38910,35595,35917,36615,36334,37363,36522,35981,36242,38186,42686,36518,34086,36939,38085,39973,37348,35661,36795,37523,38203,39505,39531,39417,39312,39351,37625,40099,40385,40128,39482,40645,39510,39842,39929,38799,38359,36261,40986,40035,39769,40519,40754,39387,41116,40759,40198,45003,41642,40889,40485,41179,41709,39819,39864,40320,41027,40892,41114,41474,42183,44080,43886,42507,41488,39421,40756,39108,38667,39550,40793,40654,41371,38637,38283,38701,37299,38549,39720,40277,40044,38721,37785,39688,38045,40218,40111,38384,38078,36776,37745,38917,37736,38589,39082,35980,39089,37556,36787,35887,34863,33601,34550,30654,22634,17885,21580,32636,36837,41012,38380,37812,38740,39081,37389,36832,39832,38001,36786,39301,38298,38898,37895,36946,36579,38329,38082,39537,39047,38166,38998,38963,37767,40340,40595,40115,40158,38322,38193,38006,36654,36772,37916,34089,35144,30953,27453,39578,38719,37734,36451,34469,32712,31244,31182,32198,31260,29293,31492,30563,30276,30516,31194,29444,29866,31461,29700,28619,28909,27325,26586,26994,24671,27057,26874,27781,29145,30251,28485,31554,26147,28611,28203,28575,27629,26813,26156,26035,26655,24988,25256,24148,24066,24919,23739,24661,25883,26065,25487,24680,23625,23447,23339,22830,21707,23588,24994,24062,26180,25941,26207,26506,24646,24845,24493,24636,24606,25091,24425,25677,26009,25727,25647,24312,26520,26738,27539,27623,24813,25389,25096,25882,24011,25193,25334,25483,26341,26135,26268,23725,25857,24272,25013,23731,22312,23818,22748,23927,23417,23089,20903,21401,21653,23017,25713,23964,23988,23769,24884,24745,23106,25698,25540,23312,26345,24852,25603,24605,24097,22941,23515,23052,23026,22175,22953,23176,22369,22964,21886,22295,23380,21958,21521,21500,20925,19497,20146,20854,20083,19261,18274,17063,17184,16435,16674,15954,15769,15870,16020,15989,15245,14637,15052,14769,14126,13046,14278,13744,13994,14385,13948,14568,13745,14232,13966,13720,13738,13700,13059,13348,13131,13168,13109,12869,12537,12422,11886,12782,12847,12761,12173,12394,12812,12512,12539,11421,13087,13543,12791,12809,12448,13006,13179,13197,12508,12356,12184,11607,11889,12854,12588,12744,12303,12625,12899,12929,12902,12707,12426,11533,12310,12427,12764,12363,12652,12003,13181,12057,12062,12368,12200,11653,11133,10777,10947,10469,11418,10908,10872,10817,10515,10123,10387,10502,10741,10457,9719,11171,10255,10004,9480,9455,10507,9347,9444,9235,9462,9408,8856,9281,8506,8465,8007,8136,7849,8059,7703,8455,8216,7937
    France,15031,16065,16319,15482,15753,16825,15215,16031,16733,13735,16199,15543,13665,14177,14311,14082,14277,14522,13474,14503,13166,12602,12963,11725,11605,12495,11676,10675,9688,8482,7726,5497,3706,1704,1665,1251,1609,940,463,359,191,78,37,92,171,141,192,452,222,142,233,208,142,72,31,2,5,5209,17171,18209,18107,17667,17818,17316,17207,17629,17688,16586,17150,18173,18112,19512,16777,18301,16902,16224,16850,17629,16238,17474,17657,16817,16594,17105,15124,15841,14892,14393,14397,14743,14643,14256,14828,14152,14928,13482,14638,13996,15224,14157,14501,13749,13411,13460,15803,13651,14671,13371,13843,13592,13891,12436,13601,14081,13237,13198,12535,12130,12375,12482,12532,13054,12920,12929,12676,12122,13489,13443,13102,14751,13287,13113,13254,12503,13075,13020,13747,13209,13336,13846,12834,14924,12136,13851,13093,13746,12098,15427,13351,13232,12998,12079,13883,13092,14293,11726,13152,12027,12067,12812,11416,12025,10937,11166,11260,11318,10717,11737,11463,12506,10933,10267,10438,10195,11246,11462,10729,10436,10664,10702,10122,10846,10960,10343,10740,10150,10117,9581,9341,9619,8879,8788,9312,9170,9049,9505,9177,9583,9249,9372,9463,8998,8857,9524,8541,8679,7988,7911,8059,7992,7819,7541,7556,9110,8706,9355,7574,7974,7933,7698,7536,7471,7738,7587,7466,7287,7199,6856,7247,6690,6567,6912,6939,6962,6745,6820,6642,6522,6202,6583,7868,6720,6849,6661,6429,6559,6558,6128,5824,5560,6774,6111,6178,6135,5620,5094,4724,4436,2934,1571,1413,5874,5718,5872,5389,5554,6054,6057,5670,5619,5963,6319,6485,6514,6405,6099,5746,5400,5246,5868,6167,6441,6215,6401,5927,5856,5951,5986,6243,6449,6302,6164,5936,6355,6080,5759,6103,6068,7060,6297,6029,7404,7493,5889,6043,5713,5996,5399,5961,6392,5816,6119,6571,6099,5803,5544,6393,5763,5748,6842,6567,6302,7565,6326,6070,5701,5757,6864,6349,6642,7008,6269,5959,5942,5144,6061,6713,6193,6299,6391,5922,6139,6513,6152,6894,6761,7481,5499,5971,6037,7144,6239,6065,6310,6056,6412,5799,6069,6295,6462,5932,6439,6931,6335,6160,6282,5805,6297,7215,6388,6655,6853,6826,8859,6187,6206,6627,6342,6485,6054,5736,6205,5718,5994,6402,6605,6084,5753,6087,5903,5894,6229,6095,6254,6418,6268,6081,5954,6300,6665,5904,5862,5985,5863,5789,5065,4672,5436,6470,5594,5442,6441,6054,6176,5925,6306,5314,7767,6154,5605,5493,5210,6039,5615,5685,5761,5347,5623,6329,5810,5369,6416,5209,5860,5484,4822,5435,5401,5088,4852,4721,5231,5373,5390,4518,4325,4009,3898,3940,3735,4322,3880,3847,3785,3745,3653,3740,3938,3601,3561,3803,3597,3708,3631,3221,3357,3728,3634,3560,3410,3692,3563,3113,3472,3423,3617,3701,3750,3401,2934,3622,3556,3720,3798,3380,3561,3690,3593,3422,3339,3493,3195,3137,3001,2946,3060,2529,3124,3027,2923,3600,3187,3159,3871,3484,3303,3369,3440,3458,3553,3460,3707,3439,3430,3571,2885,3919,3824,4364,3666,4047,3683,3557,3381,3496,3704,3352,3242,3065,3760,3478,3561,3329,3021,3294,3698,3035,3446,3056,3574,3483,3189,3304,3280,3516,3976,3712,3079,3773,3521,3642,3290,2746,3146,2935,3230,3596,3273,2372,2811,3224,2695,3211,2967
    Germany,27948,28084,28026,25132,28879,24857,22463,31616,28912,27329,32785,31049,22267,28712,26167,26442,25961,24626,24224,29440,25090,24420,25343,21822,17752,19805,19212,18763,17918,14384,14460,9432,5556,1713,1413,909,1365,1166,1048,812,147,176,70,79,118,96,124,145,146,123,126,83,142,88,32,10,2,10601,30978,31519,28677,39495,29619,29299,28981,28846,30388,27469,34311,32364,33413,34214,32995,30628,30013,31146,31163,31482,30616,29777,27239,26413,28970,28599,24275,29154,28920,28146,27388,27205,28842,25564,31158,30771,30418,28893,29887,28852,28391,25677,26122,25124,24116,25721,21866,28215,29894,30577,30281,28267,25600,25088,26517,24221,23487,23116,20499,21644,20321,19834,21314,21503,22509,24507,24091,21396,22110,21698,22376,21117,21115,21235,20075,20914,22104,22841,21840,22349,21620,21928,18474,21654,19809,19562,20965,19506,20754,21132,20141,21209,20298,19716,19106,21088,23163,24690,20723,21114,18512,18630,18143,18301,18131,17041,17886,16906,17367,17800,17437,20344,17489,17114,17411,16800,17241,18576,17550,17415,15908,16553,16135,18403,16288,15716,15729,15203,14794,14195,15667,14161,13263,14337,15013,14870,15357,14810,14833,15255,15336,14668,14026,13600,14782,13702,13861,14110,13799,14321,13637,13907,13522,13672,13081,13769,13275,14174,13099,13267,13183,12825,12996,12370,13024,13368,16038,14225,13678,12728,12874,13082,13285,12895,13102,13079,12874,14339,12502,12423,12457,12355,12772,12737,12268,12099,12384,12074,11721,11402,11289,11022,11584,11012,11571,11380,10762,10899,11343,9148,5651,4650,5701,10998,13854,12931,12441,12895,13561,13155,12829,12824,12455,13305,14375,13542,12629,12803,12980,12662,13108,13959,13666,14441,14877,15370,14040,14060,14146,13883,14061,14195,13683,12983,13900,13698,14588,13912,14652,12755,15431,15825,14251,14406,14646,13816,13564,14488,14200,13488,13661,14255,13361,13590,13562,13847,13085,13813,14621,12780,12419,13204,14542,12035,12763,12584,13178,11507,10561,13561,14687,14111,15314,16332,16040,15519,14966,14717,16315,16153,16491,15574,14618,14651,14915,15373,15482,17198,16891,16274,14774,15536,16002,18201,15984,16307,15997,15253,16468,15128,15111,15737,14871,16971,16273,15689,15645,16451,14085,15953,16378,18723,16484,17098,16775,17141,16830,14603,15443,15492,15428,17022,14590,14798,15125,15041,15108,14286,13567,13998,13824,13542,14016,13364,13366,11737,12690,11479,12161,11200,11947,12662,12688,12023,12115,12772,11275,11278,10961,11691,11731,12281,11713,12052,11451,11900,11413,11216,12737,11695,11289,11068,11658,11243,11445,11739,11645,11684,11293,11939,11383,12964,12133,10879,10622,10473,10686,9463,9884,9948,9544,8433,8892,9247,10919,9769,8744,8821,8075,7978,7670,7730,7933,7628,8955,6360,6706,7055,7851,6515,6358,6142,7213,6298,5803,6028,6155,6497,6410,6846,6389,6255,6258,6546,6279,6029,6395,6412,6008,6210,6095,5356,6425,6466,6414,6165,6082,5752,5666,6210,7011,5525,5795,5295,5627,6006,5736,5965,5621,5857,6230,5843,4896,5732,5230,4997,5058,5048,5532,5540,5592,5684,5748,5406,5743,5753,6077,6915,6390,6174,6528,6669,7066,7027,6180,6347,6815,6020,6616,7799,7198,6611,6235,6268,6501,6515,6325,6264,5057,5685,5553,5212,5143,5983,5444,4832,4927,4794,5438,5152,5549,5250,5421,5342,4999,5352,4821,5110,4631,4447,4068,4493,4290,4581,4381,3729
    Italy,6581,6506,7861,7217,11365,6963,8047,6919,7176,5405,5264,5187,5618,5222,5418,5956,8185,6182,5576,6380,5809,5066,4744,3999,3535,4783,4941,4629,3822,3009,2690,2163,1260,483,368,185,382,306,131,66,22,30,13,26,77,77,75,161,68,48,90,39,15,43,13,3,1,1299,7496,9439,12070,7874,7745,7475,8682,7314,7175,7629,7929,7538,11181,8982,9245,7658,7885,8190,8967,7920,8117,8296,7952,8462,10177,8325,5578,7956,7018,7418,7375,7335,6483,6655,6464,5818,5892,5814,6204,6361,6925,6456,6269,6458,6657,6426,6825,5115,5738,5727,5307,5920,6352,5887,6357,5740,5928,5713,5715,5465,4985,5144,5692,5959,5429,5714,5562,5477,5432,5230,5507,5942,5864,5112,5341,5363,5632,5554,5767,5619,6070,6018,4745,5326,5094,5739,5402,5490,5282,5746,5222,5714,5198,4796,5805,5887,5781,5293,5191,4891,4646,4295,3936,4347,4289,4511,4319,4935,4066,4511,4425,4603,4037,4159,4309,4243,4306,4314,4304,3857,4359,4131,3955,3626,4443,4125,4449,3727,3965,3852,3505,3870,3284,3460,3889,3604,3634,3727,3323,4050,3094,3277,4387,3368,3561,3456,3203,3301,3174,3042,3127,3063,3058,3169,2826,3213,3773,3834,3362,3087,2883,3112,2938,2752,3132,3102,3135,2891,2860,2619,2596,2584,3363,2650,2580,2626,2651,2496,2365,2343,2177,2244,2367,2598,2454,2347,2182,2360,2214,2385,2201,2277,2333,2099,2293,2297,2087,1589,1157,1326,845,351,560,2305,2676,3115,3034,2787,2850,3119,3098,3209,3074,3105,4320,3277,2791,2132,2416,2175,2695,3023,3086,3224,3113,3082,2848,3046,3431,3187,3388,3708,3585,3405,3471,3211,3412,3426,3862,3254,3716,3856,2941,3441,3582,3476,3922,3499,3388,2987,3115,3880,3710,5023,3726,3485,3455,3151,3219,3212,3308,3583,3689,3717,3495,3240,3234,3282,3101,3641,3393,3465,4162,3676,3698,3351,3203,3502,3721,3692,3523,3346,3170,3422,3579,3544,3445,3645,3728,3687,3766,3692,3971,4058,3885,4417,3825,4042,3616,4012,4000,3615,4212,4464,4739,4328,4361,4425,4442,4244,4223,4403,4611,5043,5255,5396,5653,5438,5496,5590,5573,5342,5478,4952,5038,4971,4428,5380,4495,4965,4806,4816,4880,4883,3812,3941,4749,4828,4726,4540,4884,5035,4872,4802,5329,4083,3823,2798,2163,3827,4496,4203,4377,5352,4797,4462,4275,4706,4108,4796,4867,5032,4543,4389,4365,4048,4486,4847,4232,4558,4992,5285,4770,4245,4145,4574,4662,4200,4298,4115,4504,4176,4454,4498,5518,4200,3935,3029,3133,3506,3367,2932,2438,2680,2651,2910,3141,2930,3000,2829,2767,2519,2686,2564,2067,2455,2499,2511,2143,2321,2064,2171,2147,2233,2201,2254,2191,2294,2146,1901,2244,2148,2506,2167,2364,2138,2084,2346,2327,2301,2343,2022,1625,1743,1828,1940,1952,1882,1684,1857,1923,2112,1835,1613,1501,1626,1614,1735,1662,1937,1809,1741,2119,2075,1694,2123,2255,2175,1997,1989,2095,2015,2108,2095,1951,2092,2584,2114,1933,2214,3094,2078,2115,1997,2216,2262,1973,2210,1814,2230,2194,1992,2193,1981,1923,1830,1868,1845,1860,1665,1743,1887,1797,2039,1727,1957,1650,2062,1718,1477,1327,1546,2177,1624,1855,1717
    Netherlands,7649,8170,7958,6903,8534,8570,7433,8273,7984,7462,7895,8142,7686,7934,7986,7909,7546,7573,7368,7327,7057,7524,7727,6789,6390,6479,7127,6356,5378,4970,4666,3755,2612,1016,793,496,810,472,228,111,35,24,27,41,85,63,110,110,100,82,84,40,27,32,14,0,1,3109,7414,8097,8067,8541,8177,8456,8377,8251,8026,7800,8218,8796,8151,8237,7913,7954,8343,8286,8377,8162,8494,8319,8452,8070,8183,7587,7354,7568,7501,7347,7127,7417,7240,7024,7067,6843,7163,7002,7002,6934,6860,6601,6845,6729,6615,7495,6878,6545,6763,6878,6927,6798,6778,6358,6030,6676,6533,6898,6583,6850,6602,6126,6996,6644,6208,6697,6582,5759,6963,7016,7300,7500,7365,7290,6722,6805,6840,6953,6714,6836,7751,7104,6692,6968,7055,6846,6710,6906,6887,6730,6601,7030,6979,6456,6447,6703,7387,6836,6761,6762,6978,6905,7064,6962,6499,6657,6887,6730,6329,6551,6411,6237,6097,6241,6266,6152,6414,7231,6497,6496,6474,6472,6764,6485,6615,6577,7183,7051,6032,6041,6000,5716,5815,5582,6024,6050,6080,5918,5894,5869,6370,6846,6889,5931,5985,5831,5974,5725,6001,5975,6001,5811,5798,5724,5581,6075,5735,5828,5559,5839,5829,5728,5573,5549,5416,5479,5726,5858,5737,5804,5513,5613,5157,5226,5255,5468,5718,5942,5577,5427,5780,5977,5435,5393,5137,5253,5259,5169,4463,4706,4775,5038,5431,5091,5108,5003,4881,4430,4418,4016,3638,2837,3448,5488,5596,5889,5793,5966,6307,6133,5632,5898,5970,6265,7003,5876,5362,5751,6013,5401,5632,6324,6511,6511,6657,6545,6233,6729,6370,6208,6418,6782,6910,6478,6522,6600,6292,6014,6299,6208,6502,6058,5049,5899,5893,5486,5546,5010,4941,5145,5154,5403,5383,5567,5592,5248,4789,4359,4793,4676,4618,5622,5117,4940,5452,5129,5228,4925,4575,5247,5158,5391,5692,5534,5496,5385,5302,5579,5473,5659,5391,5375,5179,5272,5885,5563,5759,5738,5683,5565,5385,5944,5827,6319,6031,6071,6191,6040,5598,5607,5713,5954,6195,5966,6352,6897,6295,6358,5661,5773,5984,6521,6492,7438,6704,6544,6665,6376,6994,6809,6492,6624,6789,5876,6367,6168,6468,6946,7072,6580,6696,6060,6516,6696,6622,6399,5864,6241,6181,5788,7244,6221,5776,5961,6879,5575,5694,5643,4983,5833,6253,6060,6156,6373,5944,6399,5999,6609,5875,6151,6096,5572,5825,6520,5513,6060,6042,5919,6097,5860,5628,5823,5902,5402,5279,5960,5600,5534,5689,5349,5122,5092,5226,4943,4832,4797,4344,4005,4337,4010,4428,4111,3961,3894,3853,3586,3566,3726,3938,3562,3547,3394,3268,3432,3805,3396,3593,3630,3600,3716,3282,3321,3335,3382,2965,3457,3606,3335,3379,3845,3412,3311,3443,3206,3374,3434,3237,3185,3034,3580,3705,3213,3390,3486,3510,3435,3370,3386,3360,3093,3348,3810,3533,3437,3269,3271,3451,3367,3326,3458,3563,3604,3368,3394,3345,3457,3495,3501,3651,3977,4021,4164,4357,4012,4156,4252,3985,4127,4398,4498,3846,4157,3870,3871,3778,3950,4788,3812,3480,4263,3649,3714,4155,3808,3554,3264,3442,3527,3929,3464,3489,3238,3172,3243,3191,3043,3431,3195,3168,3347,2865,2976,2908,2848,2842,2558
    Switzerland,7255,7578,7645,7746,7578,8081,7154,7623,7289,7565,7294,6939,6423,6958,6773,6822,6543,6702,6356,6455,6497,5784,5802,4681,4239,5199,5224,4746,4461,3755,3471,2610,1673,699,533,345,483,237,74,77,111,34,19,28,44,51,72,47,59,49,72,49,50,38,20,4,0,2228,6840,7957,8443,8502,8031,7824,7867,7764,8363,7967,8862,7887,7934,8519,8403,8117,8358,8330,8584,8531,8298,8658,8500,9121,8887,8442,8256,8659,8962,8623,8546,8762,8574,8445,10352,7713,9132,8386,8376,8441,9493,8291,8562,8450,7781,8347,8123,8302,8594,8336,8334,9129,8343,8147,8317,8524,8330,8385,8241,8316,8036,8690,8595,8570,8651,8911,8969,8502,8511,8325,8842,8368,8680,8526,8917,8040,8229,8595,7798,8401,8727,8184,6548,7317,6911,7313,7013,7004,6895,6888,7055,6949,6914,6629,6745,7450,7533,6722,6870,7057,6820,6672,6350,6337,6551,6363,6616,6504,6404,6452,6128,6319,6287,5809,6462,6084,6226,7523,6038,5989,6003,5775,5569,5368,5608,5264,5078,5431,5299,5066,5409,5150,5390,5165,6144,5713,5313,5589,5660,5372,5461,5771,5333,5177,4792,4719,4626,4649,4548,4551,4664,4570,4633,4591,4467,4638,4462,4802,4490,4622,4678,4478,4404,3932,4023,4393,4543,4252,4132,3874,3880,3894,4408,3920,3942,4140,4014,3790,3512,3919,3873,3808,3997,3849,3816,3920,3554,3669,3791,3490,3533,3485,3709,3423,3411,3400,3096,2974,2819,2346,1709,1020,1224,3226,3604,3813,3807,3535,3477,3619,3699,3665,3707,4058,3748,4269,3722,3965,3963,3549,3973,4138,3860,3913,3996,3772,3813,3883,3995,3760,3801,3801,3956,3865,4111,4140,4250,4182,4267,3904,4355,3875,3600,3789,4212,3827,3965,3923,3877,3892,3833,4580,4114,4226,3972,4223,4022,3803,3900,4100,3639,3929,4259,4103,4076,4054,4035,3656,3215,4627,4444,4444,5315,4886,4805,4971,4664,4763,5291,5196,5213,5168,4938,4881,6047,5241,5019,4951,4696,4370,4083,4461,4548,5164,4637,4769,4380,4320,4317,4275,4657,4680,4549,5146,5039,4841,4894,4931,4750,4921,5149,5301,4828,5431,5357,5245,5348,5293,5296,5341,5308,5565,4681,5045,5027,4975,4698,4761,4833,4972,5132,4962,5215,5311,5337,5069,5187,5193,5414,5225,4925,5183,4886,4891,5237,4369,4228,4457,3983,4790,4870,4655,4940,5497,5141,4842,5062,4849,5133,5221,5107,5055,5169,4613,5035,5028,5216,5338,5150,5712,5369,5700,5220,4966,4827,5018,5161,4701,4890,4910,4981,4484,4755,4299,4306,4093,3760,3764,3367,3258,3183,3279,3215,3286,3247,3346,3337,3144,3295,3049,2879,3233,2984,3029,2890,3205,2741,2775,2639,2961,2886,2956,2869,2732,2580,2554,2797,2662,2631,2612,2546,2482,2516,2255,2435,2276,2433,2430,2144,2337,2331,2151,2470,2110,2120,2193,2092,2275,2184,1999,1986,2084,1982,2380,1985,2111,2012,2399,2123,2188,2141,1980,2103,2096,2251,2261,2307,2263,2253,2216,2238,2094,1974,2237,2096,2042,1998,2096,1999,2144,2175,1982,1971,1701,1853,1872,1905,1521,1600,2006,1748,1566,1592,1866,1472,1674,1747,1551,1631,1662,1695,1538,1486,1475,1492,1605,1751,1878,1619,1629,1174,1447,1515,1457,1578,1748
    Oceania,114950,112112,115651,111343,109100,112662,107555,116643,118802,136860,128167,101977,106441,106561,101668,105590,104126,103499,110529,115111,112046,111502,116956,83104,83702,83860,82503,81073,71266,68471,57253,43091,30321,10693,6717,2771,4684,1806,320,317,402,320,260,358,296,410,391,463,837,529,280,193,198,139,69,22,14,26437,90172,108698,113369,113209,108054,111552,109136,109031,108849,114364,120322,100254,107689,103278,102103,96904,105726,109085,106479,107713,110686,108018,107685,112890,101286,98192,102508,107442,101455,102254,95926,102862,102925,99021,103407,109181,112640,99175,99106,96898,95205,94460,100116,100582,94346,88158,101238,98470,95351,99887,99964,101619,105941,99765,104529,94540,99340,98294,91143,90977,100197,100212,97583,95454,94500,99264,102487,101253,95907,102307,108530,94925,105968,108491,106763,102514,103845,106857,98946,106645,103859,107518,103893,110850,104892,105325,104298,108186,107076,104080,99024,99779,104842,93350,93625,92195,98295,86824,87548,91925,89899,89252,91136,92665,95987,95376,99239,85722,87127,88784,86051,82428,80663,84378,83229,82624,82257,79376,79702,82045,83349,83541,83233,88034,84662,78119,80648,76591,72673,73551,74901,70753,77351,76111,79968,78382,80879,78672,79753,78912,81016,82322,74790,81331,80732,80686,81750,80084,80828,77799,76382,75806,75438,74442,70397,69977,63324,67804,67360,67592,67996,66349,70841,68353,69688,65315,77432,71699,66605,65533,65443,64614,61452,66064,61878,62745,62853,60437,56838,60602,62884,65379,64650,59775,58382,59464,57036,57740,55516,54642,55675,51440,57335,50204,49450,51304,47015,44034,45559,37513,23955,16107,17947,44707,49554,51331,47112,49419,54287,53962,53761,53923,56078,56362,55494,57352,54114,52099,51010,51551,54372,54570,54529,55637,54397,56538,56197,55102,56926,55702,56500,57525,52133,52509,52341,50569,49359,48939,53317,49137,48557,46026,43551,46766,48379,49086,47608,47288,47331,44729,45267,50571,45036,47673,44643,45075,44695,42546,43865,43018,41468,44795,44035,42367,45209,39259,39149,38363,36002,39112,39727,38959,40308,39335,36363,39413,37884,38259,37112,37340,36667,35123,35294,35178,36334,34206,34990,38614,34537,35938,35110,37848,36175,36674,35397,35074,33140,35941,35035,34854,35742,35922,36245,33963,34912,35409,35996,37027,35646,36673,37660,38051,36979,36340,37532,37059,36704,36881,35674,35846,38283,41087,37214,34972,39372,38102,39182,38826,40004,39705,39537,40227,35807,38979,38849,36417,42533,37082,39133,39471,36684,35138,35229,35047,39820,35589,34044,38928,39093,41962,45236,42161,42437,44952,46006,46298,45337,45870,49673,46343,48694,47910,47363,49492,48599,47937,45636,48495,47030,45165,44558,47894,43284,42219,41659,38985,39462,38381,38351,38477,38816,36750,36690,38178,35558,35893,34501,34802,36946,36821,35295,39301,34428,33402,34026,33043,33607,33301,31620,33835,33039,33838,34792,30800,32501,32851,32447,32163,29869,31827,30759,29466,31008,30961,31080,30393,30269,31692,30776,30066,31065,31240,29730,31473,30129,30819,32983,30006,30462,30910,29910,26091,27884,27400,27893,24593,27904,27954,27200,26148,27473,27902,26420,28002,26179,27158,28845,29087,27938,27560,29750,30790,33741,26066,28627,31409,30215,27618,29077,29343,28075,24746,25863,27501,27309,25049,27044,26568,30058,26301,27129,26396,27127,25581,25049,26634,25697,25202,26823,24889,25868,25142,23038,18824,22240,24312,24056,21677,23137,24138,22930,21698,23044,24684,26994,20266,23574,23992,23867,23284,22723,24542,23268,25172,23746,24839
    Australia,105586,103310,103796,98679,96635,96688,90570,89114,91235,107480,103509,91385,96373,99021,89766,93104,93974,90226,93324,89625,87348,88772,95711,74813,76027,78030,74483,74166,66414,62752,52012,35557,25546,9428,6011,2756,4692,1858,263,248,351,264,200,286,224,322,318,425,750,505,221,138,194,119,66,19,7,21947,74350,96593,99791,103430,95420,97463,97433,95789,92091,94746,99169,84782,90690,91772,89256,86739,93306,96411,95246,95030,95598,92933,91990,94873,89824,86554,90309,95144,89168,90450,84601,90831,90047,85604,88343,94428,98354,87657,87437,85352,83505,82944,87930,88798,82732,75859,89203,86757,84985,88643,88934,89278,93733,87670,92122,82830,87498,86588,80863,74907,92838,87992,86438,85340,84462,88486,91582,90272,84895,90429,97833,83394,93950,96785,94922,90976,92425,95468,87990,95109,93161,96680,93273,98643,94496,93203,92328,96755,95000,91883,88090,88996,92924,82626,81902,81562,86141,74837,75675,80017,79411,79057,79294,79936,82976,81891,85901,76586,77318,79480,77097,72826,71533,74590,74233,74289,72418,71113,71103,72942,75378,73652,74322,77737,75273,68882,71959,68103,63426,65517,66236,64448,68056,66572,69876,68398,69968,68392,69531,68680,70741,72273,64336,72438,69933,69451,69821,69027,69345,66498,65824,65063,63660,64004,59611,58990,55682,57946,57040,56893,57496,54681,58514,56761,57927,55367,64331,63181,56020,54462,54225,53142,50145,54705,50919,51509,52404,49598,45427,50309,52225,54412,54241,49683,48219,48335,46815,47296,45366,44961,44826,42892,47333,40941,41012,41906,38680,36277,37877,31534,19991,12942,14021,37063,40471,42055,38807,41019,45812,45070,44592,45473,46988,47653,46324,47335,45645,43425,42871,43415,45905,46360,45546,46943,45795,47586,46535,46207,46841,46187,48013,48062,43223,42350,44098,41589,41165,40295,43223,40584,39807,38460,36867,38138,39673,40656,39957,38788,38535,36922,37193,40542,38248,39461,37787,37380,36530,34206,35776,34840,34437,37107,36097,35103,37225,32254,32202,32102,29765,33153,32851,32270,33216,32873,28942,31742,31063,31370,30388,30919,30311,28681,28971,28755,29577,28102,27941,29838,28706,29460,28756,31657,29846,29746,28920,28642,26788,29062,28228,27831,28468,29102,29542,27268,27708,28472,28450,29880,28595,28746,30338,30229,29483,29160,30118,30432,29903,30078,28797,29055,31400,34548,30666,28589,31500,30907,31968,31691,32427,32940,32880,33518,29227,32877,32408,30640,34269,30371,32281,32251,30289,28019,28520,28643,32419,28381,28382,31305,32664,34728,37528,34925,35457,37600,38414,39075,37354,38084,42010,38028,39098,38737,37901,40193,39388,39044,37494,38175,38180,35873,36067,39843,33868,33241,32661,30651,31120,30231,29513,30822,30604,28762,29551,29799,28267,28506,27667,27431,29244,28823,26647,30984,26414,25711,26935,26427,26050,26534,24584,27117,26052,27307,28384,25551,26915,27437,26207,26400,23368,25574,24940,23879,25361,25181,25487,25246,24804,25987,24534,23471,25982,25515,24055,26759,24640,25250,26649,24246,24861,25736,23747,20908,21669,21719,21941,20484,22207,22110,21635,21086,21540,22564,20784,22579,20513,21512,22643,25498,20965,21902,23916,25235,28326,20837,23140,25665,23621,21267,22092,25425,21982,19142,20373,22388,21640,20162,20990,21303,23729,20519,20287,22236,21130,19189,18632,19803,19159,19084,20750,18993,20304,19827,15917,14988,15888,17926,17691,15149,17028,18608,17268,16900,18173,19756,19851,17227,18185,18587,19126,18053,18570,19797,18697,20820,18851,20378
    New Zealand,13083,12834,13389,12861,13110,13476,12592,12835,13908,13761,12641,13068,12347,12257,12503,12019,11726,11205,11915,11113,11395,10752,10878,9818,9052,9192,8240,7296,6575,5224,3448,3092,1490,254,128,77,62,33,55,62,47,53,51,32,41,43,51,55,105,49,61,52,11,19,3,1,1,3244,9841,13539,13466,12321,12774,13269,12939,12682,12535,13022,14336,11725,11602,11755,11739,11333,11711,11521,11667,11930,11660,11272,11311,11549,10775,10714,10768,11967,11298,10263,10266,10720,10897,10453,12132,11924,11836,9862,10274,10591,10272,10333,10657,10038,9909,9956,9984,9266,9042,9762,10038,11246,11026,10912,11092,10400,10669,9901,9810,10971,10805,11245,10103,8914,8842,9582,9678,9985,9893,10736,9862,9431,11759,10493,10537,10028,10140,9907,9812,10381,9295,9990,9726,9728,9884,11131,10271,10366,10670,10209,9962,9783,10363,9916,10632,10573,10985,10690,10769,10328,9202,8734,10501,11082,11122,12535,12113,9936,7633,7794,7682,8556,7970,8298,8289,7742,8066,7701,7429,7908,8108,8312,7292,8874,8629,7800,7886,7756,7866,7474,7369,6883,7912,8220,8669,8412,9941,9062,9182,9343,8716,9456,9197,9531,9499,9835,10410,9814,10273,9686,9724,9688,10054,9771,9653,9336,9210,8619,8784,9322,9544,9981,11275,10154,10563,9239,11204,8904,9831,10365,10328,10310,10053,10032,9707,9668,9515,10083,9873,10458,9882,9807,9272,9078,8901,9618,9145,9288,9204,8826,9493,8480,9052,8129,7520,8243,7546,6775,6704,5424,3669,2837,3309,7293,7766,8749,7869,7407,7751,7900,8039,7456,8331,8014,7475,8282,7634,8017,7606,7242,7657,7300,7843,7928,7787,8327,8041,8031,8780,8280,8157,8488,8079,8825,7264,7929,7645,7696,8292,7202,7238,6440,6413,7756,7676,7551,6753,7483,7778,6876,6810,7223,6693,7022,6575,7018,7331,7271,6997,7173,6349,6859,6768,5730,6697,6237,6416,5536,5438,5322,5872,5958,6332,5760,6167,6124,5570,5883,6082,5810,5471,5537,5493,5550,5701,5243,5873,5880,5717,5546,5430,5420,5394,5660,5517,5242,5363,5906,5376,5419,5712,5823,5395,5642,6017,5597,5718,5382,5533,6553,5745,6065,5825,5731,5789,5264,5243,5267,5345,5210,5059,5206,5188,4882,5409,5156,5549,5598,6134,5092,4978,5181,4854,4764,5072,4363,5463,4997,5048,5345,4924,5538,4909,4925,5406,5453,4625,5308,5099,5429,5791,5519,5402,5728,5967,5778,6066,6132,6495,6807,6675,7025,6884,7202,7300,6894,6367,8948,6973,7230,6995,6997,7556,7551,7209,6738,6597,6640,6807,6605,6659,6628,6105,6701,6046,5890,5263,6063,6451,6615,6671,7483,6945,6316,6025,6107,5896,5722,5667,5886,5918,5627,5260,4672,4719,4554,5043,4882,4979,5124,4654,4997,4860,4809,4633,4683,4479,5024,5303,4791,4850,4721,4513,5141,4719,4665,5413,5316,4831,4789,5019,4802,4485,4675,4981,4480,4812,5003,4740,4525,5199,4925,4381,4555,4559,4469,4762,4687,5844,4786,5053,5012,4752,4698,4179,5506,5207,5389,5301,5077,5156,4636,4602,4405,5015,4363,4871,5047,5060,5141,4742,5355,4858,5364,5195,5583,5608,5575,5065,5026,5176,5048,5228,5025,5182,5085,5272,5286,5172,5095,5190,4687,4256,4671,4915,4287,4449,4566,4280,4192,3903,4275,4129,4172,4281,4207
    Africa,7036,5956,5594,6024,6281,5915,6198,8112,4917,6185,5345,5868,5434,5256,5484,5420,5469,5758,5247,5263,5317,4977,4886,4476,3866,4488,3927,3589,2583,2528,2502,1541,891,150,78,109,45,83,75,42,48,31,9,57,35,42,47,40,37,41,52,40,49,19,10,1,3,1590,4221,9626,9713,7695,7190,8098,7369,7386,7840,6809,6963,6912,6315,6460,7716,6214,6632,6459,7022,7831,6932,6141,6859,7395,6875,6661,6820,6782,6085,5928,6316,6285,6236,5987,6563,6080,6203,6648,6314,6553,6513,5881,5949,5781,5427,6121,5638,6512,5484,5610,5357,5496,6319,5791,5564,5543,5213,5743,5693,5452,5449,5612,5651,5657,4504,5309,5840,5796,5510,5330,5598,5189,6379,5101,5684,5137,5246,6323,5185,5282,6464,5636,4560,5997,5548,5557,5309,5687,5178,5698,5446,5498,6022,5618,5711,6118,6105,5940,5827,5709,6272,6003,5674,6978,6103,5747,6141,5789,5883,6794,6259,6182,6114,6287,7054,5878,5883,6318,6172,6197,6716,6339,6551,6627,6444,6122,6493,6680,6527,6265,5829,5810,6134,6522,6750,6885,7443,7389,8237,7429,7501,7276,7625,7929,7583,8314,8313,7140,8402,7595,8474,8270,8272,8253,9336,8391,7438,7952,7579,7604,7497,7610,7404,7615,7318,7715,8317,7027,7584,6847,6815,6822,6641,7170,6602,6554,7631,6831,6844,6860,6794,6315,7122,6500,6048,6318,6407,6401,5958,5551,5507,5819,5647,5957,5301,5941,5655,4936,6434,4401,2798,1711,2080,5321,7085,6304,5755,5797,6163,6030,6000,5831,6978,5985,5752,6354,6128,5969,6614,5817,6672,7635,7189,7684,7181,7891,7968,7463,7730,8147,8360,8453,8320,7420,8338,8304,8698,8961,9385,8494,8404,7074,7387,7807,7976,7716,7722,7442,8000,7057,7173,7629,7693,7228,6836,7294,6443,6126,6879,6514,6478,6271,6427,6452,6316,7166,6193,5779,5392,5911,5694,6023,5839,5829,5229,6724,5887,6060,6572,6080,6545,6624,6260,6337,6557,6828,6745,6926,6857,7109,7256,7276,6686,6998,6891,7007,6923,7146,7569,7138,8093,7887,7641,7866,8902,8037,8265,9282,8197,7102,8586,10134,8074,8568,8337,7978,8684,8817,8103,8462,10475,7915,7146,7542,7123,7324,6855,7263,6323,6119,5903,5584,5431,5212,5176,4492,5989,4710,4724,4530,4797,4421,4499,4930,4749,4782,4601,4609,4373,4590,5001,5299,4726,4841,4729,4313,4458,4432,4544,4553,4478,4575,4532,4583,4479,4394,4781,4464,4507,4756,4119,5343,4522,4422,4162,4430,4033,3796,3954,3948,3732,3768,3707,3432,3848,3551,3309,3076,3267,3041,2979,2685,2484,2278,2432,2004,1912,1563,1280,1540,1359,1416,1292,1237,1327,1688,1298,1322,1315,886,903,1247,1269,1263,1273,1204,1201,1030,929,1088,852,770,1092,969,1000,1094,1094,1151,1173,1148,1152,1105,1239,1265,1249,1098,1088,1024,944,1007,989,1108,941,954,918,1020,1050,1114,898,1050,942,904,916,924,1006,1101,1405,1316,1239,892,1024,949,1004,1296,962,1000,866,1053,982,1145,857,896,920,850,953,912,871,821,878,864,886,799,857,738,769,706,728,712,729,762,778,596,610,624,652,718,646,765,622,665,831,561,639,517,504,479
